{"song_name":{"1":"Don t You Remember.mp3","2":"He Won t Go.mp3","3":"I ll Be Waiting.mp3","4":"Lovesong.mp3","5":"One and Only.mp3","6":"Rolling in the Deep.mp3","7":"Rumour Has It.mp3","8":"Set Fire to the Rain.mp3","9":"Someone Like You.mp3","10":"Take It All.mp3","11":"Turning Tables.mp3"},"class":{"1":0,"2":0,"3":0,"4":0,"5":0,"6":0,"7":0,"8":0,"9":0,"10":0,"11":0},"tempo":{"1":117.4538352273,"2":161.4990234375,"3":161.4990234375,"4":117.4538352273,"5":151.9990808824,"6":103.359375,"7":117.4538352273,"8":107.666015625,"9":135.9991776316,"10":69.8374155405,"11":103.359375},"total_beats":{"1":146619,"2":205004,"3":199239,"4":149757,"5":198229,"6":130003,"7":145619,"8":126663,"9":173119,"10":84219,"11":126823},"average_beats":{"1":1297.5132743363,"2":1305.7579617834,"3":1328.26,"4":1349.1621621622,"5":1304.1381578947,"6":1300.03,"7":1266.252173913,"8":1241.7941176471,"9":1311.5075757576,"10":1257.0,"11":1268.23},"chroma_stft_mean":{"1":0.255071342,"2":0.3617114425,"3":0.4175216556,"4":0.2319286317,"5":0.2476710528,"6":0.3284372389,"7":0.333897084,"8":0.3159592748,"9":0.235364005,"10":0.2432885617,"11":0.2357058227},"chroma_stft_std":{"1":0.3010210693,"2":0.323997736,"3":0.2899680138,"4":0.298633486,"5":0.2971478701,"6":0.3084057271,"7":0.3194497824,"8":0.3016513586,"9":0.3001815081,"10":0.3034529984,"11":0.2910154164},"chroma_stft_var":{"1":0.0906136855,"2":0.1049745306,"3":0.0840814561,"4":0.0891819596,"5":0.0882968605,"6":0.095114097,"7":0.1020481586,"8":0.0909935385,"9":0.0901089385,"10":0.0920837298,"11":0.0846899748},"chroma_cq_mean":{"1":0.3837072401,"2":0.5721683108,"3":0.4746812884,"4":0.3834202353,"5":0.3951153927,"6":0.4926552118,"7":0.5505901878,"8":0.4463932542,"9":0.3974979758,"10":0.4015785759,"11":0.4410446141},"chroma_cq_std":{"1":0.2890066909,"2":0.2720725172,"3":0.2772578949,"4":0.2940384833,"5":0.2837287829,"6":0.2879069037,"7":0.2726585543,"8":0.284452612,"9":0.2855437687,"10":0.2835684724,"11":0.2702790238},"chroma_cq_var":{"1":0.0835248674,"2":0.0740234546,"3":0.0768719403,"4":0.0864586296,"5":0.0805020223,"6":0.0828903852,"7":0.0743426873,"8":0.0809132885,"9":0.0815352438,"10":0.0804110785,"11":0.0730507507},"chroma_cens_mean":{"1":0.2271193066,"2":0.2693965877,"3":0.2519284321,"4":0.2303697235,"5":0.2325366514,"6":0.2519716652,"7":0.2646858069,"8":0.2399931804,"9":0.2357285606,"10":0.2376422736,"11":0.2420195633},"chroma_cens_std":{"1":0.176640619,"2":0.1012067982,"3":0.1404862964,"4":0.1725670237,"5":0.1695406831,"6":0.1387916348,"7":0.1130973512,"8":0.1597211899,"9":0.1651715257,"10":0.1634945999,"11":0.1556008313},"chroma_cens_var":{"1":0.0312019083,"2":0.010242816,"3":0.0197363995,"4":0.0297793777,"5":0.0287440432,"6":0.0192631179,"7":0.0127910109,"8":0.0255108585,"9":0.0272816329,"10":0.0267304842,"11":0.0242116187},"melspectrogram_mean":{"1":0.3811845779,"2":0.604080379,"3":2.3907244205,"4":0.2033829093,"5":0.6966581345,"6":0.9877141714,"7":3.7588498592,"8":1.5579351187,"9":1.6123069525,"10":0.8637205958,"11":1.3602142334},"melspectrogram_std":{"1":5.0384774208,"2":8.1272325516,"3":15.4474935532,"4":3.2068459988,"5":6.210793972,"6":7.563126564,"7":20.7172908783,"8":11.1616840363,"9":13.2083082199,"10":7.2887706757,"11":10.8556699753},"melspectrogram_var":{"1":25.3862533569,"2":66.051902771,"3":238.6250457764,"4":10.2838611603,"5":38.5739631653,"6":57.200881958,"7":429.2061767578,"8":124.5831832886,"9":174.4593963623,"10":53.1261787415,"11":117.8455734253},"mfcc_mean":{"1":-13.9807710648,"2":-9.3050985336,"3":-2.3271086216,"4":-15.8924455643,"5":-11.2067556381,"6":-5.3872671127,"7":-2.006821394,"8":-2.9027895927,"9":-11.0848741531,"10":-11.3229980469,"11":-9.4743652344},"mfcc_std":{"1":86.8587799072,"2":78.1460189819,"3":59.2831954956,"4":95.6830825806,"5":72.143157959,"6":67.8893737793,"7":49.7917480469,"8":59.9612388611,"9":71.2123947144,"10":72.2420043945,"11":68.3749542236},"mfcc_var":{"1":7544.447265625,"2":6106.80078125,"3":3514.4973144531,"4":9155.2529296875,"5":5204.6357421875,"6":4608.9672851562,"7":2479.2180175781,"8":3595.3500976562,"9":5071.205078125,"10":5218.9077148438,"11":4675.1342773438},"mfcc_delta_mean":{"1":0.0114723183,"2":0.0102336174,"3":0.0126059745,"4":0.0133729195,"5":0.012622389,"6":0.0132147586,"7":0.0141024319,"8":0.0132025089,"9":0.0084632486,"10":0.0078522014,"11":0.0093066925},"mfcc_delta_std":{"1":2.6653702259,"2":4.0958013535,"3":2.8432385921,"4":2.699942112,"5":2.8674504757,"6":3.495693922,"7":2.79063797,"8":3.0135233402,"9":2.3326537609,"10":2.777923584,"11":1.8795279264},"mfcc_delta_var":{"1":7.1041984558,"2":16.7755889893,"3":8.0840053558,"4":7.2896876335,"5":8.2222719193,"6":12.2198762894,"7":7.7876596451,"8":9.08132267,"9":5.4412736893,"10":7.7168598175,"11":3.5326254368},"rmse_mean":{"1":0.0306065883,"2":0.0378613174,"3":0.0881265849,"4":0.022662878,"5":0.0477037765,"6":0.0569350347,"7":0.1197054461,"8":0.0737266541,"9":0.0724290609,"10":0.0545867719,"11":0.0687469169},"rmse_std":{"1":0.0287335217,"2":0.0348375142,"3":0.0533597395,"4":0.0189828258,"5":0.0329862833,"6":0.033625558,"7":0.0478341654,"8":0.0392252356,"9":0.0418345481,"10":0.0333396681,"11":0.0383574814},"rmse_var":{"1":0.0008256153,"2":0.0012136523,"3":0.0028472617,"4":0.0003603477,"5":0.0010880949,"6":0.0011306781,"7":0.0022881075,"8":0.001538619,"9":0.0017501295,"10":0.0011115335,"11":0.0014712964},"cent_mean":{"1":1604.5210547046,"2":2918.2791366172,"3":2216.6597944256,"4":1051.3937679858,"5":1662.5606819278,"6":2187.6595684373,"7":1903.7366857286,"8":1931.1070264875,"9":1338.8802670052,"10":1641.1521129347,"11":1305.3107055873},"cent_std":{"1":943.9281465715,"2":1448.2754236686,"3":1102.0879317666,"4":468.2616544704,"5":832.1453589046,"6":1067.4014358313,"7":654.4986228547,"8":732.5838346597,"9":799.4821445789,"10":832.1251318107,"11":609.1038277978},"cent_var":{"1":891000.3458899941,"2":2097501.7028025826,"3":1214597.8093455893,"4":219268.9770473207,"5":692465.8983464324,"6":1139345.8252146416,"7":428368.4473186649,"8":536679.0748046928,"9":639171.6995004477,"10":692432.2349909043,"11":371007.4730379365},"spec_bw_mean":{"1":1926.4064277517,"2":2761.0253436294,"3":2353.8566740182,"4":1584.9827275223,"5":1808.5996182917,"6":2568.5102016755,"7":2338.0777297128,"8":2193.6502008075,"9":1587.1070976469,"10":1850.466334783,"11":1492.6975293382},"spec_bw_std":{"1":626.6014630932,"2":624.4077103929,"3":746.4708222328,"4":467.9443830263,"5":579.9273506999,"6":675.8491079691,"7":476.7545967054,"8":679.312622127,"9":691.3578667071,"10":587.6597650444,"11":578.8760976741},"spec_bw_var":{"1":392629.3935504885,"2":389884.9887980467,"3":557218.6884449634,"4":218971.9456058544,"5":336315.7320897708,"6":456772.0167426509,"7":227294.9454797182,"8":461465.6385810932,"9":477975.6998577511,"10":345343.9994520966,"11":335097.5364583624},"contrast_mean":{"1":25.0294219251,"2":20.9829589522,"3":20.6834995106,"4":23.9074895155,"5":25.4763744089,"6":21.3997819213,"7":19.7742354118,"8":22.4320081857,"9":25.4743928021,"10":24.3524713192,"11":24.6737174693},"contrast_std":{"1":7.0974872401,"2":8.5812836562,"3":7.0791113459,"4":6.1938353965,"5":7.867759387,"6":7.0838384671,"7":7.5335332798,"8":7.1469332974,"9":9.0283628902,"10":6.7114356772,"11":6.4300937063},"contrast_var":{"1":50.3743251239,"2":73.6384291876,"3":50.113817448,"4":38.3635969183,"5":61.9016377713,"6":50.1807674279,"7":56.7541236784,"8":51.0786555574,"9":81.5113364773,"10":45.0433688493,"11":41.3461050717},"rolloff_mean":{"1":3248.147025566,"2":6068.704970038,"3":4747.3171269561,"4":1936.4174574152,"5":3229.7721366764,"6":4918.7994233595,"7":4197.1162872787,"8":4120.0375866964,"9":2406.743780083,"10":3019.8859058297,"11":2437.8352587437},"rolloff_std":{"1":2003.9457256586,"2":2289.6251896831,"3":2195.9868105945,"4":1083.8852862131,"5":1629.5203245224,"6":2433.4061721035,"7":1600.6686950258,"8":1780.6812910808,"9":1617.1015399051,"10":1740.7827971389,"11":1331.236643037},"rolloff_var":{"1":4015798.4713852569,"2":5242383.5092315776,"3":4822358.0723050591,"4":1174807.3136692604,