{"song_name":{"1":"30 Seconds to Mars - Night of the Hunter.mp3","2":"Absolutely - Story of A Girl.mp3","3":"Ace - Futureland.mp3","4":"Alan Walker - Faded.mp3","5":"Alan Walker - Force [Instrumental].mp3","6":"All American Rejects - Stab my back.mp3","7":"Apparat - You Dont Know Me.mp3","8":"B.O.B - Soo Good.mp3","9":"Billy Talent - Fallen Leaves.mp3","10":"Billy Talent - Red Flag.mp3"},"tempo":{"1":117.4538352273,"2":95.703125,"3":99.3840144231,"4":89.1029094828,"5":103.359375,"6":135.9991776316,"7":161.4990234375,"8":172.265625,"9":123.046875,"10":92.28515625},"total_beats":{"1":148488,"2":111260,"3":124335,"4":113264,"5":126196,"6":173563,"7":208029,"8":206661,"9":90353,"10":102678},"average_beats":{"1":1280.0689655172,"2":1222.6373626374,"3":1268.7244897959,"4":1272.6292134831,"5":1402.1777777778,"6":1276.1985294118,"7":1276.2515337423,"8":1283.6086956522,"9":971.5376344086,"10":1207.9764705882},"chroma_stft_mean":{"1":0.4255993787,"2":0.426961979,"3":0.4804783718,"4":0.2940546718,"5":0.2838785279,"6":0.4039707174,"7":0.2902774697,"8":0.3909693254,"9":0.4159739044,"10":0.4741610309},"chroma_stft_std":{"1":0.2885770208,"2":0.289804356,"3":0.2762642194,"4":0.2965004029,"5":0.2994738697,"6":0.2942573746,"7":0.3035289896,"8":0.3050095772,"9":0.2876966407,"10":0.2915223204},"chroma_stft_var":{"1":0.0832766969,"2":0.0839865647,"3":0.0763219189,"4":0.0879124889,"5":0.0896845986,"6":0.0865874025,"7":0.0921298475,"8":0.0930308422,"9":0.0827693571,"10":0.0849852633},"chroma_cq_mean":{"1":0.5501539139,"2":0.5077032851,"3":0.4635571184,"4":0.4437834582,"5":0.4067861652,"6":0.5488390415,"7":0.4413188301,"8":0.5500350242,"9":0.5406674602,"10":0.5824161655},"chroma_cq_std":{"1":0.2485626097,"2":0.2630476366,"3":0.2919665068,"4":0.2728537123,"5":0.2789335197,"6":0.2542705072,"7":0.279970699,"8":0.2626530168,"9":0.2633045915,"10":0.2662002156},"chroma_cq_var":{"1":0.061783371,"2":0.0691940591,"3":0.0852444411,"4":0.0744491483,"5":0.0778039084,"6":0.0646534908,"7":0.0783835923,"8":0.0689866072,"9":0.0693293079,"10":0.0708625548},"chroma_cens_mean":{"1":0.2675767141,"2":0.2638419619,"3":0.245774708,"4":0.2401572633,"5":0.2315125922,"6":0.2682535136,"7":0.2377384022,"8":0.2657034309,"9":0.2646719405,"10":0.2695260369},"chroma_cens_std":{"1":0.1083329838,"2":0.1171356158,"3":0.1512072312,"4":0.1601805925,"5":0.1724391283,"6":0.1066460773,"7":0.163749154,"8":0.1072824773,"9":0.1152479815,"10":0.1033878559},"chroma_cens_var":{"1":0.0117360354,"2":0.0137207525,"3":0.0228636268,"4":0.0256578222,"5":0.029735253,"6":0.0113733858,"7":0.0268137854,"8":0.0115095299,"9":0.0132820972,"10":0.0106890487},"melspectrogram_mean":{"1":1.5119208868,"2":2.3099685361,"3":16.7229462738,"4":1.0395634766,"5":4.9982674401,"6":14.0301389665,"7":6.2212035575,"8":12.1754831084,"9":13.9787952752,"10":16.2969808324},"melspectrogram_std":{"1":7.711456643,"2":11.6313209684,"3":94.8188672735,"4":7.8944924447,"5":60.3634993684,"6":73.9359112211,"7":59.1718937849,"8":99.7139628315,"9":81.9791940856,"10":110.1265382429},"melspectrogram_var":{"1":59.4665635562,"2":135.2876274711,"3":8990.6175910231,"4":62.32301096,"5":3643.7520559945,"6":5466.5189681002,"7":3501.3130140868,"8":9942.8743835628,"9":6720.5882629212,"10":12127.8544253643},"mfcc_mean":{"1":-4.4722514378,"2":-1.3429286287,"3":6.8442519343,"4":-3.0439534842,"5":-1.3917781049,"6":6.4215205417,"7":-3.9176044989,"8":2.2062622696,"9":4.7344152934,"10":6.3229013343},"mfcc_std":{"1":38.9787842064,"2":31.9936045806,"3":30.3664351537,"4":61.6461558385,"5":47.9821283023,"6":23.8659809445,"7":50.3749960563,"8":35.6484976441,"9":25.9585128247,"10":22.8717247619},"mfcc_var":{"1":1519.3456182066,"2":1023.5907340598,"3":922.1203839456,"4":3800.2485296662,"5":2302.284636415,"6":569.5850464426,"7":2537.6402276755,"8":1270.8153842822,"9":673.8443880716,"10":523.1157935857},"mfcc_delta_mean":{"1":0.007848697,"2":0.0144869981,"3":0.0143830456,"4":0.015562113,"5":0.0101555624,"6":0.0129089929,"7":0.0148923071,"8":0.0116975528,"9":0.0105510043,"10":0.0154480132},"mfcc_delta_std":{"1":2.752744657,"2":2.3251436334,"3":1.7985744671,"4":2.231067346,"5":1.9982571727,"6":2.6304557005,"7":1.5418139921,"8":2.891099875,"9":2.786554556,"10":2.8659538879},"mfcc_delta_var":{"1":7.5776031468,"2":5.406292916,"3":3.2348701139,"4":4.9776615025,"5":3.993031728,"6":6.9192971924,"7":2.3771903864,"8":8.3584584875,"9":7.7648862935,"10":8.2136916877},"rmse_mean":{"1":0.076508753,"2":0.101891838,"3":0.2650690675,"4":0.061635226,"5":0.1287900805,"6":0.2472271472,"7":0.1415337622,"8":0.2168920636,"9":0.2400489748,"10":0.2661534846},"rmse_std":{"1":0.0383937061,"2":0.0325990506,"3":0.0870942026,"4":0.0295095164,"5":0.0870693102,"6":0.0776090696,"7":0.0856165811,"8":0.1054228246,"9":0.1003913954,"10":0.0807914883},"rmse_var":{"1":0.0014740768,"2":0.0010626981,"3":0.0075854007,"4":0.0008708115,"5":0.0075810649,"6":0.0060231681,"7":0.0073301992,"8":0.0111139724,"9":0.010078432,"10":0.0065272646},"cent_mean":{"1":2916.6123838012,"2":3356.5102224446,"3":2706.6888201034,"4":1916.7478984021,"5":2570.1047392708,"6":2935.2058349692,"7":1699.5188148489,"8":2740.8398245506,"9":2955.0091286713,"10":3077.3606579666},"cent_std":{"1":863.8963017327,"2":850.9395144429,"3":1020.2598730162,"4":1021.2298470645,"5":1123.4697147534,"6":690.3281514527,"7":382.4195530135,"8":1056.5440440919,"9":614.4869220541,"10":799.9624300995},"cent_var":{"1":746316.8201473993,"2":724098.0572403464,"3":1040930.2084870394,"4":1042910.4005354547,"5":1262184.1999680137,"6":476552.9566881068,"7":146244.7145270649,"8":1116285.3171061419,"9":377594.1773755539,"10":639939.8895706221},"spec_bw_mean":{"1":2659.9334741362,"2":2833.507875922,"3":2683.8534922769,"4":2156.1641914433,"5":2359.9215780989,"6":2769.7683442892,"7":2256.4301160522,"8":2532.1051491464,"9":2610.4653157311,"10":2770.7461190224},"spec_bw_std":{"1":367.253298854,"2":342.1143799639,"3":644.8020671749,"4":809.1772239465,"5":926.9027544755,"6":342.3991152023,"7":423.3261520199,"8":801.2482077389,"9":401.0304001237,"10":310.9618705228},"spec_bw_var":{"1":134874.9855191432,"2":117042.2489780883,"3":415769.7058330782,"4":654767.7797537427,"5":859148.7162542136,"6":117237.1540913459,"7":179205.0309840059,"8":641998.6904048565,"9":160825.3818233942,"10":96697.2849190516},"contrast_mean":{"1":19.1475003668,"2":19.8386658835,"3":18.1066535062,"4":21.3709338604,"5":21.7431221944,"6":19.3347909278,"7":25.209509053,"8":21.8580213327,"9":19.5682904377,"10":19.0432306945},"contrast_std":{"1":7.0829100237,"2":6.9378404554,"3":6.4177057388,"4":6.0078858682,"5":6.6462878878,"6":6.3458492885,"7":10.2970467389,"8":11.6535097633,"9":7.287824254,"10":7.2132349247},"contrast_var":{"1":50.1676144032,"2":48.1336301839,"3":41.1869469502,"4":36.0946926049,"5":44.1731426869,"6":40.2698031928,"7":106.0291715434,"8":135.8042898044,"9":53.1123823572,"10":52.0307580789},"rolloff_mean":{"1":6066.6216493022,"2":6777.6965161964,"3":5886.6727374286,"4":3992.4591914788,"5":5328.5761121626,"6":6239.0122735463,"7":3716.5400265909,"8":5801.885750124,"9":5987.4679612671,"10":6336.1366862483},"rolloff_std":{"1":1468.3011811453,"2":1145.36708393,"3":2215.712470147,"4":2406.3735288362,"5":2656.6273480551,"6":1189.4322698355,"7":1276.2530143108,"8":2246.5550680442,"9":1133.8416146626,"10":1153.03417569},"rolloff_var":{"1":2155908.3585526049,"2":1311865.7569502711,"3":4909381.7503647981,"4":5790633.5602837596,"5":7057668.8664341252,"6":1414749.1245261293,"7":1628821.7565373264,"8":5047009.6737551792,"9":1285596.8071407229,"10":1329487.8103090296},"poly_mean":{"1":1.1464552138,"2":1.4165159314,"3":3.5636751253,"4":0.6947158616,"5":1.4171490386,"6":3.4980218533,"7":1.4556172681,"8":2.8064990463,"9":3.4590801461,"10":3.5559097778},"poly_std":{"1":1.446065679,"2":1.6242729478,"3":4.0475508867,"4":0.8473236732,"5":1.9001756024,"6":3.9752690425,"7":2.0930718415,"8":3.4583002048,"9":4.0663207046,"10":4.1296642973},"poly_var":{"1":2.0911059481,"2":2.6382626091,"3":16.3826681802,"4":0.7179574072,"5":3.6106673199,